FPR,TPR
0.0,0.0
0.0,0.0017889087656529517
0.0,0.023255813953488372
0.0006422607578676942,0.023255813953488372
0.0006422607578676942,0.03041144901610018
0.0012845215157353885,0.03041144901610018
0.0012845215157353885,0.05366726296958855
0.0019267822736030828,0.05366726296958855
0.0019267822736030828,0.057245080500894455
0.0019267822736030828,0.059033989266547404
0.002569043031470777,0.059033989266547404
0.002569043031470777,0.07692307692307693
0.0032113037893384713,0.07692307692307693
0.0032113037893384713,0.08407871198568873
0.0032113037893384713,0.08765652951699464
0.0032113037893384713,0.08944543828264759
0.0038535645472061657,0.09123434704830054
0.0038535645472061657,0.09302325581395349
0.00449582530507386,0.09302325581395349
0.00449582530507386,0.09660107334525939
0.00449582530507386,0.1001788908765653
0.00449582530507386,0.11806797853309481
0.005138086062941554,0.11806797853309481
0.005138086062941554,0.12164579606440072
0.005780346820809248,0.12164579606440072
0.005780346820809248,0.1252236135957066
0.006422607578676943,0.1252236135957066
0.006422607578676943,0.13953488372093023
0.007064868336544637,0.13953488372093023
0.007064868336544637,0.16100178890876565
0.007707129094412331,0.16100178890876565
0.007707129094412331,0.1735241502683363
0.008349389852280027,0.1735241502683363
0.008349389852280027,0.17531305903398928
0.009633911368015413,0.17531305903398928
0.009633911368015413,0.18962432915921287
0.010276172125883108,0.18962432915921287
0.010276172125883108,0.19141323792486584
0.010918432883750802,0.19141323792486584
0.010918432883750802,0.19856887298747763
0.012202954399486191,0.19856887298747763
0.012202954399486191,0.20214669051878353
0.012845215157353885,0.20214669051878353
0.012845215157353885,0.2039355992844365
0.01348747591522158,0.2039355992844365
0.01348747591522158,0.2146690518783542
0.014771997430956968,0.2146690518783542
0.014771997430956968,0.2182468694096601
0.01605651894669236,0.2182468694096601
0.01605651894669236,0.22003577817531306
0.017341040462427744,0.22003577817531306
0.017341040462427744,0.22361359570661896
0.018625561978163133,0.22361359570661896
0.018625561978163133,0.22540250447227192
0.019267822736030827,0.22540250447227192
0.019267822736030827,0.23613595706618962
0.01991008349389852,0.23613595706618962
0.01991008349389852,0.24150268336314848
0.021836865767501604,0.24150268336314848
0.021836865767501604,0.24329159212880144
0.023763648041104687,0.24329159212880144
0.023763648041104687,0.24508050089445438
0.024405908798972382,0.24508050089445438
0.024405908798972382,0.2504472271914132
0.02569043031470777,0.2504472271914132
0.02569043031470777,0.2522361359570662
0.026332691072575465,0.2522361359570662
0.026332691072575465,0.2558139534883721
0.02697495183044316,0.25760286225402507
0.02697495183044316,0.26475849731663686
0.028901734104046242,0.26475849731663686
0.028901734104046242,0.2772808586762075
0.029543994861913937,0.2772808586762075
0.029543994861913937,0.2898032200357782
0.030828516377649325,0.2898032200357782
0.030828516377649325,0.295169946332737
0.03147077713551702,0.295169946332737
0.03147077713551702,0.29874776386404295
0.03211303789338472,0.29874776386404295
0.03211303789338472,0.3076923076923077
0.03275529865125241,0.3076923076923077
0.03275529865125241,0.3112701252236136
0.033397559409120106,0.3112701252236136
0.033397559409120106,0.3220035778175313
0.03468208092485549,0.3220035778175313
0.03468208092485549,0.32379248658318427
0.035324341682723186,0.32379248658318427
0.035324341682723186,0.32558139534883723
0.036608863198458574,0.32558139534883723
0.036608863198458574,0.33094812164579607
0.038535645472061654,0.33094812164579607
0.038535645472061654,0.334525939177102
0.04174694926140013,0.334525939177102
0.04174694926140013,0.3363148479427549
0.04303147077713552,0.3363148479427549
0.04303147077713552,0.33810375670840787
0.04367373153500321,0.33810375670840787
0.04367373153500321,0.3416815742397138
0.04431599229287091,0.3416815742397138
0.04431599229287091,0.3434704830053667
0.046242774566473986,0.3434704830053667
0.046242774566473986,0.3470483005366726
0.046885035324341684,0.3470483005366726
0.046885035324341684,0.35241502683363146
0.047527296082209375,0.35241502683363146
0.047527296082209375,0.3542039355992844
0.04945407835581246,0.3542039355992844
0.04945407835581246,0.3559928443649374
0.05073859987154785,0.3559928443649374
0.05073859987154785,0.3595706618962433
0.05138086062941554,0.3595706618962433
0.05138086062941554,0.3631484794275492
0.05202312138728324,0.3631484794275492
0.05202312138728324,0.36493738819320215
0.05266538214515093,0.36493738819320215
0.05266538214515093,0.3685152057245081
0.05330764290301863,0.3685152057245081
0.05330764290301863,0.370304114490161
0.05394990366088632,0.370304114490161
0.05394990366088632,0.37209302325581395
0.054592164418754016,0.37209302325581395
0.054592164418754016,0.3774597495527728
0.056518946692357096,0.3774597495527728
0.056518946692357096,0.37924865831842575
0.05844572896596018,0.37924865831842575
0.05844572896596018,0.3810375670840787
0.05973025048169557,0.3810375670840787
0.05973025048169557,0.3828264758497317
0.06101477199743096,0.3828264758497317
0.06101477199743096,0.38640429338103754
0.06165703275529865,0.38640429338103754
0.06165703275529865,0.3881932021466905
0.06229929351316635,0.3881932021466905
0.06229929351316635,0.3935599284436494
0.06294155427103404,0.3935599284436494
0.06294155427103404,0.4007155635062612
0.06358381502890173,0.4007155635062612
0.06358381502890173,0.40608228980322003
0.06551059730250482,0.40608228980322003
0.06551059730250482,0.41144901610017887
0.06615285806037251,0.41144901610017887
0.06615285806037251,0.4186046511627907
0.06872190109184328,0.4186046511627907
0.06872190109184328,0.4257602862254025
0.06936416184971098,0.4257602862254025
0.06936416184971098,0.4275491949910555
0.07257546563904946,0.4275491949910555
0.07257546563904946,0.4329159212880143
0.07385998715478484,0.4329159212880143
0.07385998715478484,0.4364937388193202
0.07450224791265253,0.4364937388193202
0.07450224791265253,0.43828264758497315
0.07642903018625562,0.43828264758497315
0.07642903018625562,0.4400715563506261
0.07707129094412331,0.4400715563506261
0.07707129094412331,0.4418604651162791
0.07771355170199101,0.4418604651162791
0.07771355170199101,0.44364937388193204
0.07964033397559409,0.44364937388193204
0.07964033397559409,0.44543828264758495
0.08028259473346179,0.44543828264758495
0.08028259473346179,0.4561717352415027
0.08092485549132948,0.4561717352415027
0.08092485549132948,0.4597495527728086
0.08156711624919717,0.4597495527728086
0.08156711624919717,0.46511627906976744
0.08285163776493257,0.46511627906976744
0.08285163776493257,0.46869409660107336
0.08413615928066795,0.46869409660107336
0.08413615928066795,0.47048300536672627
0.08477842003853564,0.47048300536672627
0.08477842003853564,0.4776386404293381
0.08542068079640334,0.4776386404293381
0.08542068079640334,0.47942754919499103
0.08798972382787412,0.47942754919499103
0.08798972382787412,0.481216457960644
0.08863198458574181,0.481216457960644
0.08863198458574181,0.4847942754919499
0.0899165061014772,0.4847942754919499
0.0899165061014772,0.4865831842576029
0.0905587668593449,0.4865831842576029
0.0905587668593449,0.4883720930232558
0.09184328837508028,0.4883720930232558
0.09184328837508028,0.4937388193202147
0.09312780989081568,0.4937388193202147
0.09312780989081568,0.5026833631484794
0.09377007064868337,0.5026833631484794
0.09377007064868337,0.5062611806797853
0.09505459216441875,0.5062611806797853
0.09505459216441875,0.5098389982110912
0.09569685292228645,0.5098389982110912
0.09569685292228645,0.5134168157423972
0.09633911368015415,0.5134168157423972
0.09633911368015415,0.516994633273703
0.09890815671162492,0.516994633273703
0.09890815671162492,0.518783542039356
0.09955041746949261,0.518783542039356
0.09955041746949261,0.5205724508050089
0.1001926782273603,0.5205724508050089
0.1001926782273603,0.5277280858676208
0.10083493898522801,0.5277280858676208
0.10083493898522801,0.5295169946332737
0.10211946050096339,0.5295169946332737
0.10211946050096339,0.5366726296958855
0.10533076429030186,0.5366726296958855
0.10533076429030186,0.5402504472271914
0.10597302504816955,0.5402504472271914
0.10597302504816955,0.5438282647584973
0.10661528580603725,0.5438282647584973
0.10661528580603725,0.552772808586762
0.10725754656390495,0.552772808586762
0.10725754656390495,0.554561717352415
0.10789980732177264,0.554561717352415
0.10789980732177264,0.5652951699463328
0.10854206807964033,0.5652951699463328
0.10854206807964033,0.5670840787119857
0.10982658959537572,0.5670840787119857
0.10982658959537572,0.5688729874776386
0.11046885035324341,0.5688729874776386
0.11046885035324341,0.5706618962432916
0.1111111111111111,0.5706618962432916
0.1111111111111111,0.5724508050089445
0.1123956326268465,0.5724508050089445
0.1123956326268465,0.5742397137745975
0.11624919717405266,0.5742397137745975
0.11624919717405266,0.5760286225402504
0.11689145793192036,0.5760286225402504
0.11689145793192036,0.5778175313059034
0.11817597944765575,0.5778175313059034
0.11817597944765575,0.5796064400715564
0.12010276172125883,0.5796064400715564
0.12010276172125883,0.5849731663685152
0.12074502247912652,0.5849731663685152
0.12074502247912652,0.5867620751341681
0.12138728323699421,0.5867620751341681
0.12138728323699421,0.5885509838998211
0.12202954399486192,0.5885509838998211
0.12202954399486192,0.590339892665474
0.12267180475272961,0.590339892665474
0.12267180475272961,0.592128801431127
0.1233140655105973,0.592128801431127
0.1233140655105973,0.59391771019678
0.12588310854206808,0.59391771019678
0.12588310854206808,0.5974955277280859
0.12652536929993577,0.5974955277280859
0.12652536929993577,0.6010733452593918
0.12716763005780346,0.6010733452593918
0.12716763005780346,0.6028622540250447
0.12845215157353887,0.6028622540250447
0.12845215157353887,0.6064400715563506
0.12909441233140656,0.6064400715563506
0.12909441233140656,0.6082289803220036
0.13102119460500963,0.6082289803220036
0.13102119460500963,0.6118067978533095
0.13166345536287732,0.6118067978533095
0.13166345536287732,0.6135957066189625
0.13230571612074501,0.6135957066189625
0.13230571612074501,0.6153846153846154
0.1329479768786127,0.6153846153846154
0.1329479768786127,0.6171735241502684
0.13744380218368657,0.6171735241502684
0.13744380218368657,0.6189624329159212
0.13808606294155426,0.6189624329159212
0.13808606294155426,0.6207513416815742
0.13937058445728967,0.6207513416815742
0.13937058445728967,0.6225402504472272
0.14001284521515736,0.6225402504472272
0.14001284521515736,0.6243291592128801
0.14258188824662812,0.6243291592128801
0.14258188824662812,0.6261180679785331
0.14450867052023122,0.6261180679785331
0.14450867052023122,0.629695885509839
0.14515093127809892,0.629695885509839
0.14515093127809892,0.6350626118067979
0.14836223506743737,0.6350626118067979
0.14836223506743737,0.6368515205724508
0.14964675658317278,0.6368515205724508
0.14964675658317278,0.6404293381037567
0.15028901734104047,0.6404293381037567
0.15028901734104047,0.6422182468694096
0.15093127809890816,0.6422182468694096
0.15093127809890816,0.6440071556350626
0.15350032113037893,0.6440071556350626
0.15350032113037893,0.6457960644007156
0.15414258188824662,0.6457960644007156
0.15414258188824662,0.6475849731663685
0.15606936416184972,0.6475849731663685
0.15606936416184972,0.6511627906976745
0.1567116249197174,0.6511627906976745
0.1567116249197174,0.6529516994633273
0.1573538856775851,0.6529516994633273
0.1573538856775851,0.6547406082289803
0.1599229287090559,0.6547406082289803
0.1599229287090559,0.6565295169946332
0.16184971098265896,0.6565295169946332
0.16184971098265896,0.6618962432915921
0.16441875401412973,0.6618962432915921
0.16441875401412973,0.6636851520572451
0.16506101477199744,0.6636851520572451
0.16506101477199744,0.667262969588551
0.16570327552986513,0.667262969588551
0.16570327552986513,0.669051878354204
0.16634553628773283,0.669051878354204
0.16634553628773283,0.6708407871198568
0.1689145793192036,0.6708407871198568
0.1689145793192036,0.6726296958855098
0.170199100834939,0.6726296958855098
0.170199100834939,0.6744186046511628
0.17148362235067438,0.6744186046511628
0.17148362235067438,0.6762075134168157
0.17341040462427745,0.6762075134168157
0.17341040462427745,0.6779964221824687
0.17469492614001284,0.6779964221824687
0.17469492614001284,0.6797853309481217
0.17597944765574824,0.6797853309481217
0.17597944765574824,0.6815742397137746
0.17662170841361594,0.6815742397137746
0.17662170841361594,0.6833631484794276
0.17726396917148363,0.6833631484794276
0.17726396917148363,0.6887298747763864
0.178548490687219,0.6887298747763864
0.178548490687219,0.6905187835420393
0.1791907514450867,0.6905187835420393
0.1791907514450867,0.6923076923076923
0.1798330122029544,0.6923076923076923
0.1798330122029544,0.6994633273703041
0.18047527296082208,0.6994633273703041
0.18047527296082208,0.7012522361359571
0.1817597944765575,0.7012522361359571
0.1817597944765575,0.7048300536672629
0.18368657675016056,0.7048300536672629
0.18368657675016056,0.7066189624329159
0.18432883750802825,0.7066189624329159
0.18432883750802825,0.7084078711985689
0.18754014129736674,0.7084078711985689
0.18754014129736674,0.7101967799642218
0.1907514450867052,0.7101967799642218
0.1907514450867052,0.7119856887298748
0.1913937058445729,0.7119856887298748
0.1913937058445729,0.7155635062611807
0.1920359666024406,0.7155635062611807
0.1920359666024406,0.7209302325581395
0.1926782273603083,0.7209302325581395
0.1926782273603083,0.7227191413237924
0.19396274887604367,0.7227191413237924
0.19396274887604367,0.7245080500894454
0.19524727039177905,0.7245080500894454
0.19524727039177905,0.7262969588550984
0.19717405266538215,0.7262969588550984
0.19717405266538215,0.7280858676207513
0.19781631342324985,0.7280858676207513
0.19781631342324985,0.7298747763864043
0.19845857418111754,0.7298747763864043
0.19845857418111754,0.7316636851520573
0.19974309569685292,0.7316636851520573
0.19974309569685292,0.7334525939177102
0.2029543994861914,0.7334525939177102
0.2029543994861914,0.7352415026833632
0.20488118175979447,0.7352415026833632
0.20488118175979447,0.7370304114490162
0.20616570327552985,0.7370304114490162
0.20616570327552985,0.7441860465116279
0.20937700706486834,0.7441860465116279
0.20937700706486834,0.7459749552772809
0.21001926782273603,0.7459749552772809
0.21001926782273603,0.7477638640429338
0.21066152858060372,0.7477638640429338
0.2113037893384714,0.7495527728085868
0.2132305716120745,0.7495527728085868
0.2132305716120745,0.7531305903398927
0.21515735388567758,0.7531305903398927
0.21515735388567758,0.7602862254025045
0.21644187540141296,0.7602862254025045
0.21708413615928066,0.7620751341681574
0.21836865767501606,0.7620751341681574
0.21836865767501606,0.7638640429338104
0.21965317919075145,0.7638640429338104
0.22093770070648683,0.7674418604651163
0.22157996146435452,0.7674418604651163
0.2222222222222222,0.7692307692307693
0.2222222222222222,0.7710196779964222
0.22286448298008993,0.7710196779964222
0.22286448298008993,0.7728085867620751
0.2241490044958253,0.7728085867620751
0.2241490044958253,0.774597495527728
0.224791265253693,0.774597495527728
0.224791265253693,0.776386404293381
0.2254335260115607,0.776386404293381
0.2254335260115607,0.778175313059034
0.22928709055876687,0.778175313059034
0.22928709055876687,0.7817531305903399
0.23249839434810532,0.7817531305903399
0.23249839434810532,0.7853309481216458
0.2350674373795761,0.7853309481216458
0.2350674373795761,0.7871198568872988
0.23956326268464997,0.7871198568872988
0.23956326268464997,0.7906976744186046
0.24149004495825305,0.7906976744186046
0.24149004495825305,0.7924865831842576
0.24213230571612074,0.7924865831842576
0.24213230571612074,0.7960644007155635
0.24341682723185612,0.7960644007155635
0.24341682723185612,0.7978533094812165
0.24405908798972384,0.7978533094812165
0.24405908798972384,0.8014311270125224
0.24470134874759153,0.8014311270125224
0.24470134874759153,0.8032200357781754
0.24855491329479767,0.8032200357781754
0.24855491329479767,0.8050089445438283
0.2491971740526654,0.8050089445438283
0.2491971740526654,0.8067978533094812
0.24983943481053308,0.8067978533094812
0.24983943481053308,0.8085867620751341
0.25176621708413616,0.8085867620751341
0.25176621708413616,0.8103756708407871
0.25369299935773926,0.8103756708407871
0.25369299935773926,0.8121645796064401
0.25626204238921,0.8121645796064401
0.25626204238921,0.813953488372093
0.25690430314707774,0.813953488372093
0.25690430314707774,0.815742397137746
0.2575465639049454,0.815742397137746
0.2575465639049454,0.817531305903399
0.262684649967887,0.817531305903399
0.262684649967887,0.8193202146690519
0.26653821451509313,0.8193202146690519
0.26653821451509313,0.8228980322003577
0.2678227360308285,0.8228980322003577
0.2678227360308285,0.8264758497316637
0.27488760436737314,0.8264758497316637
0.27488760436737314,0.8300536672629696
0.27552986512524086,0.8300536672629696
0.27552986512524086,0.8389982110912343
0.27874116891457934,0.8389982110912343
0.27874116891457934,0.8407871198568873
0.2806679511881824,0.8407871198568873
0.2806679511881824,0.8425760286225402
0.28195247270391777,0.8425760286225402
0.28195247270391777,0.8443649373881932
0.2832369942196532,0.8443649373881932
0.2832369942196532,0.8461538461538461
0.28387925497752087,0.8461538461538461
0.28387925497752087,0.8479427549194991
0.28516377649325625,0.8479427549194991
0.28516377649325625,0.8497316636851521
0.28580603725112397,0.8497316636851521
0.28580603725112397,0.851520572450805
0.28644829800899163,0.851520572450805
0.28644829800899163,0.853309481216458
0.29672447013487474,0.853309481216458
0.29672447013487474,0.855098389982111
0.29929351316634556,0.855098389982111
0.29929351316634556,0.8568872987477638
0.2999357739242132,0.8568872987477638
0.2999357739242132,0.8586762075134168
0.30764290301862557,0.8586762075134168
0.30764290301862557,0.8640429338103757
0.31727681438664096,0.8640429338103757
0.31727681438664096,0.8658318425760286
0.32241490044958254,0.8658318425760286
0.32241490044958254,0.8676207513416816
0.3236994219653179,0.8676207513416816
0.3236994219653179,0.8694096601073346
0.33269107257546565,0.8694096601073346
0.33269107257546565,0.8711985688729875
0.33590237636480413,0.8711985688729875
0.33590237636480413,0.8729874776386404
0.33911368015414256,0.8729874776386404
0.33911368015414256,0.8747763864042933
0.3416827231856134,0.8747763864042933
0.3416827231856134,0.8765652951699463
0.34232498394348104,0.8765652951699463
0.34232498394348104,0.8783542039355993
0.3448940269749518,0.8783542039355993
0.3448940269749518,0.8801431127012522
0.3474630700064226,0.8801431127012522
0.3474630700064226,0.8819320214669052
0.35388567758509953,0.8819320214669052
0.35388567758509953,0.8837209302325582
0.35452793834296725,0.8837209302325582
0.35452793834296725,0.8855098389982111
0.35773924213230573,0.8855098389982111
0.35773924213230573,0.8872987477638641
0.37636480411046885,0.8872987477638641
0.37636480411046885,0.8908765652951699
0.37957610789980734,0.8908765652951699
0.37957610789980734,0.8926654740608229
0.3840719332048812,0.8926654740608229
0.3840719332048812,0.8944543828264758
0.38471419396274886,0.8944543828264758
0.38471419396274886,0.8962432915921288
0.3930635838150289,0.8962432915921288
0.3930635838150289,0.8998211091234347
0.39755940912010274,0.8998211091234347
0.39755940912010274,0.9016100178890877
0.39948619139370584,0.9016100178890877
0.39948619139370584,0.9033989266547406
0.40655105973025046,0.9033989266547406
0.40655105973025046,0.9051878354203936
0.40847784200385356,0.9051878354203936
0.40847784200385356,0.9069767441860465
0.40976236351958895,0.9069767441860465
0.40976236351958895,0.9087656529516994
0.4123314065510597,0.9087656529516994
0.4123314065510597,0.9105545617173524
0.4206807964033398,0.9105545617173524
0.4206807964033398,0.9123434704830053
0.42324983943481054,0.9123434704830053
0.42324983943481054,0.9141323792486583
0.42838792549775206,0.9141323792486583
0.42838792549775206,0.9159212880143113
0.43224149004495827,0.9159212880143113
0.43224149004495827,0.9177101967799642
0.4399486191393706,0.9177101967799642
0.4399486191393706,0.9194991055456172
0.44380218368657676,0.9194991055456172
0.44380218368657676,0.9212880143112702
0.44508670520231214,0.9212880143112702
0.44508670520231214,0.924865831842576
0.4592164418754014,0.924865831842576
0.4592164418754014,0.9266547406082289
0.4605009633911368,0.9266547406082289
0.4605009633911368,0.9284436493738819
0.4733461785484907,0.9284436493738819
0.4733461785484907,0.9302325581395349
0.47527296082209375,0.9302325581395349
0.47527296082209375,0.9320214669051878
0.4881181759794477,0.9320214669051878
0.4881181759794477,0.9355992844364938
0.4932562620423892,0.9355992844364938
0.4932562620423892,0.9373881932021467
0.49582530507385997,0.9373881932021467
0.49582530507385997,0.9391771019677997
0.49967886962106617,0.9391771019677997
0.49967886962106617,0.9409660107334525
0.5080282594733462,0.9409660107334525
0.5080282594733462,0.9445438282647585
0.5144508670520231,0.9445438282647585
0.5144508670520231,0.9463327370304114
0.5150931278098908,0.9463327370304114
0.5150931278098908,0.9481216457960644
0.5170199100834939,0.9481216457960644
0.5170199100834939,0.9516994633273703
0.5176621708413616,0.9516994633273703
0.5176621708413616,0.9534883720930233
0.5183044315992292,0.9534883720930233
0.5183044315992292,0.9552772808586762
0.525369299935774,0.9552772808586762
0.525369299935774,0.9588550983899821
0.5260115606936416,0.9588550983899821
0.5260115606936416,0.960644007155635
0.5305073859987155,0.960644007155635
0.5305073859987155,0.962432915921288
0.5324341682723186,0.962432915921288
0.5324341682723186,0.964221824686941
0.5407835581245986,0.964221824686941
0.5407835581245986,0.9660107334525939
0.5497752087347463,0.9660107334525939
0.5497752087347463,0.9677996422182469
0.5517019910083494,0.9677996422182469
0.5517019910083494,0.9695885509838998
0.5600513808606294,0.9695885509838998
0.5600513808606294,0.9713774597495528
0.5626204238921002,0.9713774597495528
0.5626204238921002,0.9731663685152058
0.5799614643545279,0.9731663685152058
0.5799614643545279,0.9749552772808586
0.5825305073859988,0.9749552772808586
0.5825305073859988,0.9767441860465116
0.5863840719332049,0.9767441860465116
0.5863840719332049,0.9785330948121646
0.5889531149646756,0.9785330948121646
0.5889531149646756,0.9803220035778175
0.5973025048169557,0.9803220035778175
0.5973025048169557,0.9821109123434705
0.6062941554271034,0.9821109123434705
0.6062941554271034,0.9838998211091234
0.6152858060372511,0.9838998211091234
0.6152858060372511,0.9856887298747764
0.6422607578676943,0.9856887298747764
0.6422607578676943,0.9874776386404294
0.6454720616570327,0.9874776386404294
0.6454720616570327,0.9892665474060823
0.6679511881824021,0.9892665474060823
0.6679511881824021,0.9910554561717353
0.6795118818240206,0.9910554561717353
0.6795118818240206,0.9928443649373881
0.7129094412331407,0.9928443649373881
0.7129094412331407,0.9946332737030411
0.7463070006422607,0.9946332737030411
0.7463070006422607,0.9964221824686941
0.7585099550417469,0.9964221824686941
0.7597944765574823,0.9964221824686941
0.8599871547848427,0.9964221824686941
0.8599871547848427,0.998211091234347
0.8779704560051381,0.998211091234347
0.8779704560051381,1.0
1.0,1.0
